,name,timestamp,msg,type
0,vishwas,2022-07-12 17:20:34.723794,userConected,userConected
1,Vishwas Katiyar,2022-07-12 17:21:02.333493,userConected,userConected
2,Vishwas Katiyar,2022-07-12 17:44:23.895746,userConected,userConected
3,Vishwas Katiyar,2022-07-12 17:45:10.196372,userConected,userConected
4,Vishwas Katiyar,2022-07-12 17:46:02.256731,userConected,userConected
5,Vishwas Katiyar,2022-07-12 17:46:36.435604,userConected,userConected
6,Vishwas Katiyar,2022-07-12 17:48:05.915387,userConected,userConected
7,Vishwas Katiyar,2022-07-12 18:53:15.920773,userConected,userConected
8,Vishwas Katiyar,2022-07-12 18:57:11.362125,userConected,userConected
9,Vishwas Katiyar,2022-07-12 18:59:19.040566,userConected,userConected
10,Vishwas Katiyar,2022-07-12 19:01:12.521340,userConected,userConected
11,Vishwas Katiyarwww,2022-07-12 19:01:29.404108,userConected,userConected
12,Vishwas Katiyar,2022-07-12 19:02:03.602300,userConected,userConected
13,Vishwas Katiyar1,2022-07-12 19:02:12.209687,userConected,userConected
14,Vishwas Katiyar,2022-07-12 19:03:41.559662,userConected,userConected
15,Vishwas Katiyar11,2022-07-12 19:03:48.965575,userConected,userConected
16,data,2022-07-12 19:04:01.198910,userConected,userConected
17,Vishwas Katiyar,2022-07-12 19:05:31.761329,userConected,userConected
18,Vishwas Katiyar,2022-07-12 19:07:06.659452,userConected,userConected
19,Vishwas Katiyarw,2022-07-12 19:07:10.370599,userConected,userConected
20,Vishwas Katiyar,2022-07-12 19:08:29.081943,userConected,userConected
21,1Vishwas Katiyar,2022-07-12 19:08:32.943434,userConected,userConected
22,Vishwas Katiyar,2022-07-12 19:08:49.851490,userConected,userConected
23,Vishwas Katiyar,2022-07-12 19:09:17.911799,userConected,userConected
24,Vishwas Katiyar,2022-07-12 19:12:11.158615,userConected,userConected
25,Vishwas Katiyar1,2022-07-12 19:12:15.650691,userConected,userConected
26,Vishwas Katiyar,2022-07-12 19:13:02.330624,userConected,userConected
27,Vishwas Katiyar,2022-07-12 19:28:24.894016,userConected,userConected
28,Vishwas Katiyar1,2022-07-12 19:28:29.426452,userConected,userConected
29,Vishwas Katiyar,2022-07-12 19:28:56.932897,userConected,userConected
30,Vishwas Katiyar,2022-07-12 19:30:24.879512,userConected,userConected
31,Vishwas Katiyar,2022-07-12 20:03:37.433404,userConected,userConected
32,Vishwas Katiyar,2022-07-12 20:04:30.392403,userConected,userConected
33,Vishwas Katiyar,2022-07-12 20:05:12.759403,userConected,userConected
34,Vishwas Katiyar,2022-07-12 20:08:42.243873,userConected,userConected
35,Vishwas Katiyar,2022-07-12 20:26:32.652162,userConected,userConected
36,Vishwas Katiyar,2022-07-12 20:27:53.843291,userConected,userConected
37,Vishwas Katiyar,2022-07-12 20:28:34.504066,userConected,userConected
38,Vishwas Katiyar,2022-07-12 20:29:18.194905,userConected,userConected
39,Vishwas Katiyar,2022-07-12 20:31:46.743246,userConected,userConected
40,Vishwas Katiyar,2022-07-12 20:33:03.333963,userConected,userConected
41,Vishwas Katiyar,2022-07-12 22:55:36.569708,userConected,userConected
42,Vishwas Katiyar,2022-07-12 22:57:20.797748,userConected,userConected
43,Vishwas Katiyar,2022-07-12 22:59:03.520143,userConected,userConected
44,Vishwas Katiyar,2022-07-12 23:00:05.898820,userConected,userConected
45,Vishwas Katiyar,2022-07-12 23:02:24.330520,userConected,userConected
46,Vishwas Katiyar,2022-07-12 23:05:32.961114,userConected,userConected
47,Vishwas Katiyar,2022-07-12 23:06:02.836228,userConected,userConected
48,Vishwas Katiyar,2022-07-12 23:06:48.731710,userConected,userConected
49,Vishwas Katiyar,2022-07-12 23:07:39.907717,userConected,userConected
50,Vishwas Katiyar,2022-07-12 23:10:00.518488,userConected,userConected
51,Vishwas Katiyar,2022-07-12 23:10:56.861087,userConected,userConected
